{
    "LongStepPos": {
        "soma": {
            "adaptation_index2": [
                0.0012463445514320198, 
                0.00058394634935827192
            ], 
            "mean_frequency": [
                18.841346172269073, 
                1.0476741152750426
            ], 
            "ISI_CV": [
                0.10818842133734811, 
                0.027888742924426516
            ], 
            "doublet_ISI": [
                44.433333333343434, 
                5.7226644920791729
            ]
        }
    }, 
    "ShortStepPos": {
        "soma": {
            "AP_width": [
                1.2827380952383869, 
                0.066373718605664642
            ], 
            "AP_height": [
                13.921726170007366, 
                1.4909792264302366
            ], 
            "AHP_depth": [
                10.819261642823838, 
                2.0232950188527385
            ], 
            "time_to_first_spike": [
                26.433333333327692, 
                2.7133415233297802
            ]
        }
    }, 
    "LongStepNeg": {
        "soma": {
            "time_constant": [
                61.51571158254135, 
                5.8167870059853781
            ], 
            "voltage_deflection": [
                -19.776667217508951, 
                1.3267683985719614
            ], 
            "voltage_deflection_begin": [
                -23.179935760328505, 
                2.1427517950462232
            ]
        }
    }
}